date,ess,llm_sentiment,tangibility,relevance,composite,mkt_rf,smb,hml,rf
2023-01-03,-0.038508,-0.0231195,-0.0101294999999999,-0.0014774999999999,-0.027336,-0.004699999999999999,0.0008,-0.001,0.0002
2023-01-04,0.0241738571428571,-0.0020529285714285,0.0031866999999999,0.0031866999999999,0.0031866999999999,0.008100000000000001,0.0054,0.0005,0.0002
2023-01-05,0.0020323928571428,0.0011872285714285,-0.0137021428571428,-0.0109022857142857,-0.0137021428571428,-0.011399999999999999,-0.0018,0.012,0.0002
2023-01-06,-0.0082612727272727,,-0.0117373333333333,-0.0070862142857142,-0.0094675,0.022099999999999998,-0.0005,0.0003,0.0002
2023-01-09,0.0162659107142857,0.0050102142857142,-0.0150709464285714,-0.0183374464285714,-0.0139385714285714,0.0003,0.0055000000000000005,-0.0123,0.0002
2023-01-10,0.0056588666666666,0.0147833,,,,0.0079,0.0091,-0.005600000000000001,0.0002
2023-01-11,-0.0109315714285714,-0.0035019999999999,0.006182,0.0072426825396825,0.0015431428571428,0.0125,0.0017000000000000001,-0.0083,0.0002
2023-01-12,-0.0080700476190476,,0.0045292857142857,0.0045292857142857,0.0047297142857142,0.0045000000000000005,0.0143,-0.0027,0.0002
2023-01-17,0.0074426666666666,0.0125343,0.0058444999999999,0.0035093333333333,0.0058444999999999,-0.0018,0.002,-0.0055000000000000005,0.0002
2023-01-18,0.0037012857142857,,0.0029425357142857,0.0050547857142857,0.0050547857142857,-0.0155,0.0003,-0.0070999999999999995,0.0002
2023-01-19,-0.0002480416666666,,-0.0076902857142857,-0.0076902857142857,-0.0076902857142857,-0.0086,-0.0028000000000000004,0.0084,0.0002
2023-01-20,-0.0212495,-0.0212495,-0.0060147142857142,-0.0019754999999999,-0.0075049999999999,0.0194,0.0014000000000000002,-0.0068000000000000005,0.0002
2023-01-23,-0.0047210793650793,0.0067904285714285,-0.0138024285714285,-0.0070452857142857,-0.012613,0.0128,0.0017000000000000001,-0.009899999999999999,0.0002
2023-01-24,-0.0010257499999999,0.001119375,-0.00573125,-0.0092362678571428,-0.0077457678571428,-0.0016,-0.0022,0.0018,0.0002
2023-01-25,-0.0048570634920634,-0.0023057142857142,0.0043031746031746,0.0043031746031746,0.0043031746031746,0.0,-0.0005,0.0069,0.0002
2023-01-26,0.0165162637362637,,0.0150159464285714,-0.0081551964285714,-0.0081551964285714,0.0108,-0.0058,0.0001,0.0002
2023-01-27,0.0057570714285714,,-0.0050250779220779,-0.0050250779220779,-0.0050250779220779,0.0034000000000000002,0.0063,-0.0113,0.0002
2023-01-30,0.00847925,,0.0133066666666666,0.018368,0.0175936666666666,-0.0138,-0.0012,0.0074,0.0002
2023-01-31,-0.0168370238095238,-0.0210260333333333,-0.0054089999999999,-0.0111228095238095,-0.0054089999999999,0.0158,0.0102,-0.0006,0.0002
2023-02-01,-0.0310261428571428,-0.0287122637362637,0.0406629821428571,0.0464921249999999,0.0464921249999999,0.011899999999999999,0.01,-0.0165,0.0002
2023-02-02,0.0213828571428571,-0.0091893626373626,0.0416221785714285,-0.0192222857142857,0.0111242857142857,0.0154,0.0163,-0.0207,0.0002
2023-02-03,0.019219238095238,,-0.0101191587301587,0.0042421269841269,0.0042421269841269,-0.0108,0.0008,0.0098,0.0002
2023-02-06,0.0076167,0.0115982999999999,-0.0316015,0.0070115238095238,-0.0316015,-0.0073,-0.008199999999999999,0.0043,0.0002
2023-02-07,,-0.0234486666666666,0.0084159999999999,0.0070481666666666,0.0070481666666666,0.0125,-0.0051,-0.0004,0.0002
2023-02-08,0.020934075,,-0.0203656931818181,-0.0203656931818181,-0.0203656931818181,-0.0118,-0.0068000000000000005,0.0070999999999999995,0.0002
2023-02-09,-0.0034116944444444,,,0.0051292,,-0.009399999999999999,-0.0063,0.0021,0.0002
2023-02-10,-0.0109233142857142,,,,,0.0012,-0.0069,0.015,0.0002
2023-02-13,-0.034626961038961,,-0.0285209523809523,-0.0236986666666666,-0.0270966666666666,0.011399999999999999,0.0019,-0.0073,0.0002
2023-02-14,0.0040992857142857,0.0223942333333333,,,,0.0012,0.0016,-0.0068000000000000005,0.0002
2023-02-15,-0.0073445714285714,-0.0048343506493506,-0.0035187142857142,-0.0001383392857142,-0.0017644285714285,0.005,0.0104,-0.0091,0.0002
2023-02-16,0.0023356428571428,,,,,-0.0137,-0.0004,0.0097,0.0002
2023-02-17,-0.0091602222222222,-0.0110681499999999,-0.0245538,-0.0096098,-0.0096098,-0.0028000000000000004,0.0068000000000000005,-0.0014000000000000002,0.0002
2023-02-21,0.0067904583333333,0.0074123333333333,0.0090447222222222,-0.0073415,0.0008884999999999,-0.0216,-0.0125,0.0088,0.0002
2023-02-22,0.0009039571428571,0.018720961038961,-0.0007595714285714,-0.0007595714285714,-0.0007595714285714,-0.0004,0.0052,-0.0046,0.0002
2023-02-23,-0.0139117142857142,-0.0216075,-0.0173525714285714,-0.0173525714285714,-0.0173525714285714,0.004699999999999999,0.0022,-0.0023,0.0002
2023-02-24,1.0989010989010575e-05,,,,,-0.0108,-0.005,0.0126,0.0002
2023-02-27,0.0035596666666666,0.0038922666666666,0.0082075333333333,0.0061958333333333,0.0061958333333333,0.0031,0.0016,-0.003,0.0002
2023-02-28,-0.0087459333333333,,,,,-0.0026,0.0062,-0.0069,0.0002
2023-03-01,-0.0212991269841269,-0.0002468571428571,-0.019565,-0.027307738095238,-0.019565,-0.0040999999999999995,0.002,0.0062,0.0002
2023-03-02,0.0486263333333333,0.0490748939393939,0.0002844999999999,0.0498838333333333,0.0498838333333333,0.0067,-0.0037,-0.0044,0.0002
2023-03-03,0.0081502,,0.0027096999999999,0.0019465571428571,0.0001822714285714,0.0161,0.0,-0.0054,0.0002
2023-03-06,-0.0081138214285714,,,,,-0.0013,-0.016200000000000003,-0.0008,0.0002
2023-03-07,-0.0072654444444444,-0.0064820333333333,,,,-0.014499999999999999,0.0074,-0.0067,0.0002
2023-03-08,0.0082759142857142,0.0024765142857142,-0.0099777999999999,-0.0099777999999999,-0.0099777999999999,0.0008,0.0017000000000000001,-0.0039000000000000003,0.0002
2023-03-10,-0.0146409111111111,-0.0025517142857142,,0.0055057666666666,,-0.0168,-0.015300000000000001,0.0072,0.0002
2023-03-13,0.0126535303030302,,-7.811111111110866e-05,-7.811111111110866e-05,-7.811111111110866e-05,-0.0034000000000000002,-0.0063,-0.036000000000000004,0.0002
2023-03-14,-0.0005011999999999,,0.0159898888888888,0.0159898888888888,0.0159898888888888,0.0172,0.0015,-0.0036,0.0002
2023-03-15,-0.01149395,-0.0016244,0.0223949047619047,0.01747625,0.0224745714285714,-0.0079,-0.0008,-0.0184,0.0002
2023-03-16,0.0062075,0.0119196547619047,0.0125918392857142,0.0124172916666666,0.0148894107142857,0.0176,0.0018,-0.0016,0.0002
2023-03-20,-0.0022961333333333,-0.0016311333333333,-0.0009216666666666,0.0067444999999999,-0.0033488333333333,0.0084,-0.0060999999999999995,0.0078000000000000005,0.0002
2023-03-21,0.0026091666666666,0.0056544583333333,0.0126648333333333,0.0126648333333333,0.0126648333333333,0.0148,0.0045000000000000005,0.0073,0.0002
2023-03-22,0.0015459999999999,4.555555555555563e-05,-0.0017892916666666,0.0002979749999999,0.0008697083333333,-0.0174,-0.008,-0.0053,0.0002
2023-03-23,0.0007680416666666,,,,,0.0021,-0.0019,-0.0154,0.0002
2023-03-24,-0.01358525,0.0063869555555555,,,,0.0046,0.0013,0.0070999999999999995,0.0002
2023-03-27,-0.0029116666666666,-0.003118,-0.0074226666666666,-0.0053726666666666,-0.0054176666666666,0.0027,0.0022,0.0103,0.0002
2023-03-28,-0.0126748333333333,,,,,-0.0017000000000000001,-0.0018,0.0075,0.0002
2023-03-29,-0.0032207999999999,0.00679175,-0.0006878666666666,0.0002793333333333,-0.0006878666666666,0.0139,-0.003,-0.0054,0.0002
2023-03-30,-0.0098977142857142,,,,,0.0051,-0.0055000000000000005,-0.006,0.0002
2023-04-03,0.01929425,,-0.0383969444444444,-0.0460036111111111,-0.0383969444444444,0.0028000000000000004,-0.004699999999999999,0.0079,0.0002
2023-04-04,0.005925525,,,-0.0299370178571428,-0.0299370178571428,-0.0072,-0.0096,-0.0072,0.0002
2023-04-05,0.0004521666666666,0.0034322857142857,0.0132862857142857,0.0215031428571428,0.0150505714285714,-0.0039000000000000003,-0.0139,0.013999999999999999,0.0002
2023-04-06,-0.0232784285714285,-0.0100568461538461,0.0021162857142857,0.0097270571428571,-0.0002147142857142,0.0034000000000000002,0.0006,-0.0051,0.0002
2023-04-10,-0.0117218333333333,,,,,0.002,0.0079,0.0026,0.0002
2023-04-11,0.0137186,0.0164202,,,,0.0006,0.0046,0.0055000000000000005,0.0002
2023-04-12,0.0083387999999999,0.0074746999999999,,,,-0.0051,-0.0055000000000000005,0.0037,0.0002
2023-04-13,-0.0089224166666666,0.0036742333333333,0.0078250714285714,0.0083564047619047,0.0078250714285714,0.0139,0.0034999999999999996,-0.011899999999999999,0.0002
2023-04-14,-0.0206084666666666,,,,,-0.0023,-0.0095,0.002,0.0002
2023-04-17,-0.0020411999999999,,-0.0041705974025974,-0.0041705974025974,-0.0041705974025974,0.0033,0.008,-0.002,0.0002
2023-04-18,0.0119813142857142,0.0046232857142857,0.0110581964285714,0.0053137678571428,0.0110581964285714,0.0004,-0.0044,-0.0031,0.0002
2023-04-19,0.0075028888888888,0.0015901153846153,0.0101552857142857,0.0120231964285714,0.0113694285714285,-0.0004,0.0029,0.0042,0.0002
2023-04-20,0.0097862777777777,0.0118746263736263,-0.0036664464285714,-0.0046224285714285,-0.0046224285714285,-0.0060999999999999995,0.0009,-0.0028000000000000004,0.0002
2023-04-21,-0.00479705,,,,,0.0008,0.0026,-0.009399999999999999,0.0002
2023-04-24,0.0012140892857142,,5.728571428571458e-05,-0.0018141428571428,5.728571428571458e-05,0.0,-0.0039000000000000003,0.0046,0.0002
2023-04-25,-0.0023208571428571,0.0052793846153846,-0.0020436964285714,0.0081664464285714,0.0081664464285714,-0.0176,-0.0098,0.0009,0.0002
2023-04-26,0.0091304603174603,0.0055314126984127,0.0245622857142857,0.0407644285714285,0.0223017142857142,-0.0040999999999999995,0.0014000000000000002,-0.0074,0.0002
2023-04-27,0.0062758,0.0089525749999999,0.0054453999999999,0.0010161999999999,-0.0010861999999999,0.018500000000000003,-0.005600000000000001,0.0,0.0002
2023-04-28,-0.01552375,0.0051455142857142,-0.0104208,-0.0104208,-0.0104208,0.0078000000000000005,0.0013,0.0019,0.0002
2023-05-01,-0.0054231714285714,,,,,-0.0002,0.0029,-0.008199999999999999,0.0002
2023-05-02,0.0122766857142857,0.0143091666666666,0.00813,0.0067256666666666,0.022125,-0.0127,-0.005600000000000001,-0.0146,0.0002
2023-05-03,0.0074017777777777,,0.0105557857142857,0.0076035584415584,0.0105557857142857,-0.005699999999999999,0.010700000000000001,-0.0103,0.0002
2023-05-04,0.0021092857142857,-0.0024187619047619,-0.0053802857142857,-0.0018588571428571,-0.0018588571428571,-0.0078000000000000005,-0.0034000000000000002,-0.0104,0.0002
2023-05-05,-0.0112576,-0.006926125,,,,0.0191,0.0042,0.0069,0.0002
2023-05-08,-0.0245739666666666,,-0.0226632222222222,-0.0226632222222222,-0.0226632222222222,0.0007000000000000001,-0.0031,-0.003,0.0002
2023-05-09,0.017324,0.0017307222222222,0.0147293333333333,0.0098151666666666,0.0109805,-0.0043,0.0012,-0.0002,0.0002
2023-05-10,0.0140996666666666,0.0133246111111111,0.0108455,0.0065321666666666,0.0065321666666666,0.0043,0.0046,-0.0132,0.0002
2023-05-11,-0.0055523333333333,,0.006536,0.009104,0.009104,-0.002,-0.0049,-0.0009,0.0002
2023-05-12,0.0064084166666666,,,,,-0.0022,-0.0019,0.0034000000000000002,0.0002
2023-05-15,0.0090638333333333,,,0.0020367666666666,0.0020367666666666,0.0046,0.0084,0.0001,0.0002
2023-05-16,-0.0039091363636363,-0.0020174545454545,-0.0176601666666666,-0.0182146666666666,-0.016969,-0.0072,-0.0033,-0.0048,0.0002
2023-05-17,-0.0257766666666666,-0.0092381666666666,-0.0110076666666666,-0.0110076666666666,-0.0110076666666666,0.0131,0.0089,0.012199999999999999,0.0002
2023-05-18,-0.0013276333333333,-0.0013599166666666,-0.0022703666666666,-0.000392,0.0051800333333333,0.009899999999999999,-0.0007000000000000001,-0.0038,0.0002
2023-05-19,0.006347425,,,,,-0.0026,-0.0045000000000000005,-0.0032,0.0002
2023-05-22,-0.0077648333333333,-0.0004129047619047,-0.0031694999999999,-0.0026233333333333,-0.0046784999999999,0.0017000000000000001,0.0127,-0.002,0.0002
2023-05-23,-0.0165462321428571,0.0002346136363636,0.0106554761904761,0.0153253333333333,0.0103579583333333,-0.011000000000000001,0.0039000000000000003,0.0109,0.0002
2023-05-24,0.0462861428571428,0.0770287428571428,-0.0065162857142857,-0.0085605714285714,0.0128711428571428,-0.0072,-0.0031,-0.002,0.0002
2023-05-25,-0.0109701666666666,-0.0102216666666666,-0.0037616666666666,-0.0130378333333333,-0.0060881666666666,0.006500000000000001,-0.0070999999999999995,-0.0108,0.0002
2023-05-26,,,,-0.0044865,-0.0086510952380952,0.0132,0.0003,-0.0085,0.0002
2023-05-30,-0.0229645476190476,-0.0138556,0.001689119047619,0.0098642619047619,0.001689119047619,-0.0001,-0.0015,-0.0042,0.0002
2023-05-31,0.0036191714285714,,0.0034014285714285,0.0034014285714285,0.0059287142857142,-0.006,-0.0011,-0.0116,0.0002
2023-06-01,0.0140996666666666,0.0080513333333333,-0.0222070238095238,-0.03506825,-0.0279376571428571,0.0102,0.0015,-0.0006,0.0002
2023-06-02,-0.0225681904761904,,-0.0074208571428571,-0.0074208571428571,-0.0074208571428571,0.016200000000000003,0.015600000000000001,0.0166,0.0002
2023-06-05,-0.0074524821428571,-0.0019303956043956,0.0047326071428571,0.0043159821428571,0.0047326071428571,-0.0026,-0.0101,-0.0075,0.0002
2023-06-06,-0.0184778333333333,-0.0070583333333333,0.0220468333333333,0.0220468333333333,0.0220468333333333,0.0046,0.0213,0.013500000000000002,0.0002
2023-06-07,0.013803,0.0157260303030303,,0.01782125,,-0.0036,0.013600000000000001,0.022799999999999997,0.0002
2023-06-08,0.0030315833333333,0.0109980151515151,-0.0074869999999999,-0.0011294999999999,-0.0011294999999999,0.0059,-0.0049,-0.0116,0.0002
2023-06-09,-0.009387673076923,,,,,0.0003,-0.0070999999999999995,-0.0040999999999999995,0.0002
2023-06-12,-0.0177155714285714,-0.014632974025974,-0.02802,-0.0287637142857142,-0.0287637142857142,0.009399999999999999,0.0004,-0.0141,0.0002
2023-06-13,0.0124416666666666,0.0132575909090909,0.0200291666666666,0.0128478333333333,0.0169111666666666,0.0074,0.0059,0.0006,0.0002
2023-06-14,0.006613048076923,0.0082820454545454,,,,-0.0003,-0.009000000000000001,-0.0092,0.0002
2023-06-15,-0.0040743333333333,,,-0.0069993095238095,-0.0069993095238095,0.012199999999999999,-0.0037,0.0009,0.0002
2023-06-16,-0.009250125,0.0062964505494505,-0.0057781944444444,,-0.0006444444444444,-0.0045000000000000005,-0.0055000000000000005,0.0022,0.0002
2023-06-20,0.0083349999999999,0.0069116493506493,0.0123930952380952,0.0169382857142857,0.0169382857142857,-0.0048,0.0043,-0.0069,0.0002
2023-06-21,0.004652,0.003293,0.0227903333333333,0.0279593333333333,0.0138308333333333,-0.005600000000000001,0.0002,0.0053,0.0002
2023-06-22,0.0024235,-0.0075657333333333,0.0077071666666666,0.0093386666666666,0.0047853333333333,0.0032,-0.0067,-0.0126,0.0002
2023-06-23,-0.0180444,-0.0268203999999999,-0.0228826285714285,-0.0228826285714285,-0.0228826285714285,-0.0084,-0.0063,0.0007000000000000001,0.0002
2023-06-26,-0.0029716249999999,-0.0018100219780219,-0.0073081071428571,-0.0116938214285714,-0.0087569642857142,-0.0048,-0.0034000000000000002,0.0129,0.0002
2023-06-27,-0.0167744285714285,-0.0061885555555555,-0.007744,-0.0073721071428571,-0.0086412857142857,0.0121,0.0048,-0.0051,0.0002
2023-06-28,-0.0087220329670329,,,,,0.0003,0.0055000000000000005,-0.0043,0.0002
2023-06-29,-0.0001057142857142,-0.0092920288461538,-0.0105448441558441,-0.0094423977272727,-0.0094423977272727,0.0044,0.0053,0.0078000000000000005,0.0002
2023-06-30,-0.0055323333333333,,,,,0.011399999999999999,-0.0064,-0.0078000000000000005,0.0002
2023-07-03,0.0003923809523809,,,,,0.0015,0.0001,0.0106,0.0002
2023-07-05,0.0123973333333333,-0.0025371666666666,-0.0059273333333333,-0.0031373333333333,-0.0031373333333333,-0.0029,-0.0095,-0.0026,0.0002
2023-07-06,-0.0042630714285714,,-0.0031980416666666,-0.0031980416666666,-0.0031980416666666,-0.009399999999999999,-0.0051,-0.0069,0.0002
2023-07-07,-0.0289933333333333,,,,,-0.0013,0.0106,0.0121,0.0002
2023-07-10,-0.005559325,,,,,0.0036,0.0128,-0.0001,0.0002
2023-07-11,0.0038828441558441,0.0060230285714285,0.0136395714285714,0.0136395714285714,0.0136395714285714,0.0076,0.0003,0.0048,0.0002
2023-07-12,-0.0101893333333333,,0.0007419999999999,0.0012478333333333,0.0012478333333333,0.0074,0.0031,0.0046,0.0002
2023-07-13,0.0011238888888888,,,,,0.009000000000000001,0.0005,-0.001,0.0002
2023-07-14,-0.0124849285714285,-0.0100792857142857,,-0.0035732571428571,,-0.0025,-0.003,-0.0152,0.0002
2023-07-17,-0.00505725,0.0066382727272727,-0.0009466428571428,-0.0009466428571428,-0.0009466428571428,0.0048,0.0076,-0.0027,0.0002
2023-07-18,0.0019374285714285,-0.0047195,-0.0146233392857142,-0.012738,-0.0101926964285714,0.0078000000000000005,0.0021,0.0108,0.0002
2023-07-19,-0.0029762857142857,-0.0078029428571428,-0.0196305892857142,-0.0196305892857142,-0.0196305892857142,0.0025,-0.0007000000000000001,0.0132,0.0002
2023-07-20,0.0010111428571428,0.009821988095238,0.0174588571428571,0.0176615,0.0194097142857142,-0.008100000000000001,-0.0058,0.006500000000000001,0.0002
2023-07-21,0.0021089428571428,0.0034247333333333,0.0087554,,0.0087554,-0.0005,-0.0033,-0.0036,0.0002
2023-07-24,-0.0163817142857142,-0.005208934065934,-0.0005840634920634,-0.0071652063492063,-0.0005840634920634,0.0031,-0.0028000000000000004,0.0076,0.0002
2023-07-25,0.00129,0.009307,-0.004607,-0.004607,-0.004607,0.0025,-0.0005,-0.0078000000000000005,0.0002
2023-07-26,,,-0.008117,-0.0015713333333333,-0.008117,0.0001,0.0068000000000000005,0.0102,0.0002
2023-07-27,-0.0130825,-0.00384025,0.0120084999999999,0.0042028333333333,0.0087123333333333,-0.0074,-0.0091,0.0028000000000000004,0.0002
2023-07-28,-0.013435575,0.0103926,,,,0.0113,0.0055000000000000005,-0.0034000000000000002,0.0002
2023-07-31,-0.0106557142857142,-0.0001605999999999,0.0112815714285714,0.0027504285714285,0.0112815714285714,0.0025,0.0108,-0.0009,0.0002
2023-08-01,0.0119326666666666,,,,,-0.0034000000000000002,-0.0017000000000000001,0.0031,0.0002
2023-08-02,0.0311573571428571,0.0234760714285714,,0.0280042023809523,0.0282891607142857,-0.0149,-0.0018,0.005699999999999999,0.0002
2023-08-03,0.0068273968253968,0.0110137662337662,0.0124585714285714,0.023782,0.0184447619047619,-0.0019,-0.0004,0.0008,0.0002
2023-08-04,-0.0065474999999999,,,,,-0.0048,0.0003,0.0076,0.0002
2023-08-07,-0.0230635999999999,-0.0336498499999999,-0.0194649999999999,-0.0195931999999999,-0.0194649999999999,0.0077,-0.0116,0.006,0.0002
2023-08-08,-0.0203455142857142,,-0.0112106,-0.0118148571428571,-0.0118148571428571,-0.004699999999999999,0.0004,0.0015,0.0002
2023-08-09,-0.0056078333333333,-0.0133759999999999,0.0147699523809523,0.0139946666666666,0.0139946666666666,-0.0078000000000000005,-0.0007000000000000001,-0.0004,0.0002
2023-08-10,0.0080271666666666,0.0140188333333333,-0.0003351666666666,-0.0155186,-0.0013707499999999,0.0001,-0.0032,-0.0067,0.0002
2023-08-11,-0.0151876666666666,-0.0102511,,,-0.0133837499999999,-0.0011,0.0012,0.0045000000000000005,0.0002
2023-08-14,0.0103,,,,0.006770725,0.0051,-0.0066,-0.0077,0.0002
2023-08-15,-0.0027116233766233,-0.0076767555555555,-0.0055401948051948,-0.0055401948051948,-0.0096534285714285,-0.0118,0.0024,-0.0103,0.0002
2023-08-16,0.0289507142857142,0.0165088666666666,0.0116241999999999,0.0116531999999999,0.0160997999999999,-0.008100000000000001,-0.004,-0.0014000000000000002,0.0002
2023-08-17,-0.0094690555555555,-0.0126140666666666,-0.0025185,-0.0025185,-0.0026511,-0.0087,-0.0032,0.0049,0.0002
2023-08-18,0.0042428333333333,0.0175692666666666,,,,0.0004,0.0040999999999999995,-0.0022,0.0002
2023-08-21,-0.0153113571428571,,-0.0025778571428571,-0.0025778571428571,-0.0025778571428571,0.0064,-0.0068000000000000005,-0.0059,0.0002
2023-08-22,-0.0079026999999999,,-0.0048676904761904,-0.0048676904761904,-0.0048676904761904,-0.0032,0.0023,-0.0104,0.0002
2023-08-23,0.024950619047619,,,,,0.0108,-0.001,-0.0012,0.0002
2023-08-24,-0.0050579571428571,,,,,-0.014199999999999999,-0.0019,0.0060999999999999995,0.0002
2023-08-25,-0.0009819166666666,,,0.0032587999999999,0.0025843888888888,0.006500000000000001,-0.0007000000000000001,-0.005699999999999999,0.0002
2023-08-28,0.0144246666666666,,,,,0.0063,-0.0002,0.0040999999999999995,0.0002
2023-08-29,,,-0.0065441142857142,-0.0065441142857142,-0.0065441142857142,0.015,0.0001,-0.0012,0.0002
2023-08-30,-0.0047708333333333,,0.0183156111111111,0.0127827777777777,0.0127827777777777,0.0040999999999999995,0.0024,-0.0046,0.0002
2023-08-31,0.0022270779220779,0.0040462857142857,,0.0030141428571428,0.0030141428571428,-0.0008,-0.0023,0.0022,0.0002
2023-09-01,-0.0075377,,-0.0028905333333333,,-0.0028905333333333,0.0026,0.0067,0.0058,0.0002
2023-09-05,0.0054047023809523,,,,,-0.0054,-0.013600000000000001,-0.0087,0.0002
2023-09-06,-0.0070508333333333,-0.0069498333333333,,,,-0.0070999999999999995,-0.0001,-0.0018,0.0002
2023-09-07,0.0015791666666666,0.0034267333333333,0.0091408333333333,0.0082415,0.0082415,-0.004,-0.0063,0.0002,0.0002
2023-09-08,-0.00213075,-0.0022314999999999,0.0033009166666666,0.0046164499999999,0.0007900833333333,0.0012,-0.0062,0.004,0.0002
2023-09-11,0.0045988333333333,-0.0229309999999999,-0.0095821666666666,-0.008795,-0.008795,0.0066,-0.0026,-0.0052,0.0002
2023-09-12,0.0020399999999999,0.0023616904761904,0.0066531688311688,,0.0066531688311688,-0.0059,-0.0025,0.0101,0.0002
2023-09-13,0.0042021,0.0004214848484848,0.0036759999999999,0.0036586666666666,0.0036759999999999,0.0003,-0.0079,-0.002,0.0002
2023-09-14,0.007198945054945,0.0117585119047619,0.0168885873015873,0.0176654444444444,0.0176654444444444,0.0083,0.0022,0.0086,0.0002
2023-09-15,-0.0004602597402597,-0.0031522857142857,,,,-0.0121,0.0015,0.0025,0.0002
2023-09-18,0.0044575,0.0039157333333333,,0.0004135714285714,0.0004135714285714,-0.0004,-0.0083,-0.0018,0.0002
2023-09-19,-0.0148507857142857,-0.0039326666666666,-0.0065838831168831,-0.0049898831168831,-0.0049898831168831,-0.0026,-0.0012,0.0,0.0002
2023-09-20,0.0090992999999999,-0.0003071111111111,0.0119108333333333,0.0145601666666666,0.0145601666666666,-0.0095,-0.001,0.0026,0.0002
2023-09-21,-0.0033882666666666,,,-0.0003112499999999,,-0.0168,0.0019,0.0038,0.0002
2023-09-22,-0.0033419583333333,-0.0077103666666666,0.0069142619047619,-0.002117738095238,0.0069142619047619,-0.0025,0.0001,-0.005,0.0002
2023-09-25,0.0049945714285714,,0.0031265428571428,0.0020302571428571,0.0020302571428571,0.0039000000000000003,-0.0011,0.0033,0.0002
2023-09-26,-0.0061957878787878,-0.001581409090909,-0.0056382499999999,-0.0066407499999999,-0.0066407499999999,-0.0146,0.004,-0.005,0.0002
2023-09-27,0.022679425,,0.0276769999999999,0.0135767999999999,0.0291433999999999,0.0013,0.0069,0.001,0.0002
2023-09-28,0.0079305,,,,,0.006500000000000001,0.0016,0.0003,0.0002
2023-10-02,-0.0064482142857142,,,,,-0.0014000000000000002,-0.0092,-0.0105,0.0002
2023-10-03,-0.0146587666666666,-0.01110425,,,-0.0079586666666666,-0.0149,-0.0033,-0.0014000000000000002,0.0002
2023-10-04,-0.0054698,-0.001392775,-0.0052709,-0.0052709,-0.0052709,0.0077,-0.0027,-0.0037,0.0002
2023-10-06,-0.0117537142857142,,-0.0056952261904761,-0.0056952261904761,-0.0065432261904761,0.0121,-0.003,-0.005600000000000001,0.0002
2023-10-10,0.0005933333333333,-0.0054304935064935,-0.0082703333333333,-0.008632,-0.008632,0.006,0.0016,0.0063,0.0002
2023-10-11,-0.0137480333333333,-0.02018045,-0.0022250857142857,,,0.0033,-0.0067,0.0038,0.0002
2023-10-12,,,-1.2909090909091203e-05,,-1.2909090909091203e-05,-0.008100000000000001,-0.0147,0.0011,0.0002
2023-10-13,0.0025772999999999,,,,,-0.0059,-0.0046,0.0006,0.0002
2023-10-16,,,-0.0119265,-0.0119265,-0.0005172499999999,0.0113,0.0060999999999999995,-0.001,0.0002
2023-10-18,0.0039078571428571,,0.0012179285714285,0.0012179285714285,0.0061943571428571,-0.0146,-0.0063,-0.0018,0.0002
2023-10-19,0.01328175,,,,,-0.0092,-0.005,-0.0022,0.0002
2023-10-20,-0.00257125,,,,,-0.0132,0.0006,-0.0015,0.0002
2023-10-23,0.0013192285714285,0.0037190757575757,-0.0075415,0.0004964999999999,-8.94999999999993e-05,-0.0023,-0.0026,-0.0078000000000000005,0.0002
2023-10-24,-0.0075241999999999,0.0139206999999999,-0.0172323142857142,-0.0172323142857142,-0.0172323142857142,0.0074,0.0025,-0.0058,0.0002
2023-10-25,0.0074633571428571,-0.03709,,-0.0434935555555555,,-0.015700000000000002,-0.0031,0.0085,0.0002
2023-10-26,0.001450619047619,-0.0002587142857142,-0.0043131666666666,-0.0043131666666666,-0.0043131666666666,-0.0115,0.0085,0.0168,0.0002
2023-10-27,0.0082524666666666,0.0105124999999999,0.0100635714285714,0.0092289047619047,0.014944238095238,-0.0052,-0.0034999999999999996,-0.0059,0.0002
2023-10-30,-0.0063345238095238,,,,,0.0115,-0.0038,0.0029,0.0002
2023-10-31,-0.0096519999999999,,0.0049252666666666,0.0059542999999999,0.0056655999999999,0.0063,0.0005,-0.0006,0.0002
2023-11-01,-0.0334613766233766,-0.0316784285714285,,-0.0440933857142857,-0.0403719571428571,0.009300000000000001,-0.0063,-0.0002,0.0002
2023-11-02,0.0141012738095238,0.0044167362637362,,0.0036666,0.0036666,0.0194,0.004699999999999999,0.0163,0.0002
2023-11-03,-0.0054530879120879,,,,,0.011000000000000001,0.0161,0.0060999999999999995,0.0002
2023-11-06,-0.0138701666666666,,-0.0073984999999999,-0.0073984999999999,-0.0073984999999999,0.0001,-0.010700000000000001,-0.0064,0.0002
2023-11-07,-0.0006251666666666,,,,,0.0034999999999999996,-0.0001,-0.012199999999999999,0.0002
2023-11-08,-0.0099183376623376,,0.0076616285714285,0.0087212857142857,0.0087212857142857,-0.0003,-0.008199999999999999,-0.0046,0.0002
2023-11-09,,,-0.0054702777777777,-0.0054702777777777,-0.0054702777777777,-0.0089,-0.0108,0.0049,0.0002
2023-11-10,-0.0008602,,,,,0.0149,-0.0058,-0.0044,0.0002
2023-11-13,0.0058819583333333,-0.0014902916666666,0.0067284285714285,0.0095542678571428,0.0097670178571428,-0.0005,0.0015,-0.0026,0.0002
2023-11-14,-0.0012086666666666,-0.0041549761904761,,,,0.0218,0.029900000000000003,0.011899999999999999,0.0002
2023-11-15,-0.0058651428571428,,0.001196125,0.001196125,0.001196125,0.0018,-0.0005,0.0049,0.0002
2023-11-16,-0.0100174666666666,,,,,-0.0011,-0.013999999999999999,-0.003,0.0002
2023-11-17,0.0097511666666666,0.0207508333333333,,,,0.0025,0.009899999999999999,0.0063,0.0002
2023-11-20,-0.0037543809523809,,0.0051874025974025,6.692045454545319e-05,-0.0009085138888888,0.0073,0.0,-0.0029,0.0002
2023-11-21,-0.0048474065934065,-0.0088843296703296,-0.0037254444444444,-0.0046445873015873,-0.0059811587301587,-0.0032,-0.008,-0.0060999999999999995,0.0002
2023-11-22,0.004615,,-0.0040781428571428,-0.0029316428571428,-0.0040781428571428,0.004699999999999999,0.0021,-0.0004,0.0002
2023-11-27,-0.003932,,,,,-0.0023,-0.0011,-0.0009,0.0002
2023-11-28,-0.0017287121212121,-0.0016523888888888,-0.0068148333333333,,-0.0068148333333333,0.0005,-0.0029,0.0004,0.0002
2023-11-29,-0.0001354166666666,0.003013625,,,,0.0001,0.0043,0.0069,0.0002
2023-11-30,0.0042948571428571,-0.0041867402597402,-0.0036240535714285,-0.0054321964285714,-0.0054321964285714,0.0034999999999999996,-0.0046,0.0001,0.0002
2023-12-01,0.0136116666666666,0.0113248333333333,,,,0.008100000000000001,0.0206,0.010700000000000001,0.0002
2023-12-04,-0.0020066904761904,,,,,-0.0044,0.0141,0.0051,0.0002
2023-12-05,0.0084537777777777,0.0052941666666666,-0.0016141428571428,-0.0086318095238095,-0.0016141428571428,-0.0021,-0.0083,-0.0083,0.0002
2023-12-06,0.009686119047619,,,,,-0.004,0.003,0.0032,0.0002
2023-12-07,-0.0243068,,-0.0020976333333333,-0.0020976333333333,-0.0020976333333333,0.008100000000000001,0.0006,0.004699999999999999,0.0002
2023-12-08,-0.0056466666666666,,0.0086500714285714,,0.0086500714285714,0.0044,0.0001,0.0052,0.0002
2023-12-11,-0.0021025,0.0207969238095238,0.0022987777777777,-0.0019383472222222,-0.0019383472222222,0.0036,-0.0039000000000000003,-0.0012,0.0002
2023-12-12,-0.0043222,,0.0010732666666666,0.0010732666666666,0.0018780999999999,0.0034000000000000002,-0.0043,-0.0088,0.0002
2023-12-13,0.0196812678571428,0.033094,0.0201778181818181,0.0265285324675324,0.0258088181818181,0.0154,0.0172,0.013500000000000002,0.0002
2023-12-15,-0.0117284999999999,-0.0074039444444444,-0.0142365,-0.0130738333333333,-0.0142365,-0.0006,-0.004,-0.005699999999999999,0.0002
2023-12-18,-0.0085577777777777,0.0012091,0.0007710857142857,0.0008727857142857,0.0014792857142857,0.0042,-0.004,-0.0036,0.0002
2023-12-19,0.0156756666666666,0.0053255714285714,0.0083732428571428,0.0063134749999999,0.0102499749999999,0.0070999999999999995,0.013600000000000001,0.0069,0.0002
2023-12-20,,,-0.0053518571428571,-0.0053518571428571,-0.0043295714285714,-0.0155,-0.0037,0.0013,0.0002
2023-12-21,0.0050872999999999,,0.004291675,0.005394475,0.004291675,0.0109,0.0074,-0.0004,0.0002
2023-12-22,0.0070670666666666,,,,,0.002,0.0064,0.001,0.0002
2023-12-26,-0.0050376666666666,,,-0.0039651999999999,-0.0050845999999999,0.0048,0.006999999999999999,0.0044,0.0002
2024-01-02,-0.0041003068181818,-0.0053738928571428,0.002537375,-0.0002972499999999,,-0.006999999999999999,-0.0055000000000000005,0.0078000000000000005,0.0002
2024-01-03,-0.0056268214285714,-0.0092228095238095,-0.0011905277777777,-0.0011905277777777,-0.0011905277777777,-0.0101,-0.0194,-0.0011,0.0002
2024-01-04,-0.0011228571428571,0.0012233095238095,0.0170795714285714,0.0191722571428571,0.018426,-0.0033,0.0021,0.0009,0.0002
2024-01-05,0.0210876999999999,0.0126284857142857,0.0173528571428571,0.0097554285714285,0.0234102857142857,0.0015,-0.008100000000000001,0.0063,0.0002
2024-01-08,0.0081145238095238,0.0033884821428571,0.0039046666666666,0.0047600476190476,0.0034072142857142,0.0149,0.009000000000000001,-0.0127,0.0002
2024-01-09,0.0027787678571428,0.0122755096153846,-0.0013303611111111,-0.0012669861111111,0.0058991746031746,-0.0021,-0.0044,-0.0089,0.0002
2024-01-10,0.0146491111111111,,0.0015066249999999,-0.002010625,-0.002010625,0.0051,-0.001,-0.0044,0.0002
2024-01-11,0.0112755194805194,0.0100158452380952,,,,-0.0014000000000000002,-0.0045000000000000005,-0.0052,0.0002
2024-01-12,0.0123859285714285,,,,,-0.0001,-0.0011,-0.0049,0.0002
2024-01-16,0.0027462857142857,0.0061845714285714,-0.001557,0.0022687142857142,0.0011857142857142,-0.004699999999999999,-0.0076,-0.0060999999999999995,0.0002
2024-01-17,0.0088155833333333,,0.0147102619047619,0.0147102619047619,0.0147102619047619,-0.0059,-0.0008,-0.0025,0.0002
2024-01-18,-0.0008159107142857,-0.0108889772727272,-0.0178457321428571,-0.0200806071428571,-0.01654025,0.0087,-0.001,-0.0034999999999999996,0.0002
2024-01-19,-0.0024280833333333,-0.008555125,-0.0090045,-0.012058875,-0.012894375,0.011899999999999999,-0.004699999999999999,0.0067,0.0002
2024-01-22,-0.0073468571428571,,-0.0038820892857142,-0.0031828888888888,-0.0036543749999999,0.0038,0.0173,0.0058,0.0002
2024-01-23,0.0230936857142857,0.0297840158730158,0.022506,0.0191077142857142,0.0267892857142857,0.0022,-0.0066,-0.0055000000000000005,0.0002
2024-01-24,-0.0091395714285714,-0.0016301142857142,0.0109781428571428,0.01141,0.0118112857142857,-0.0001,-0.0074,0.0005,0.0002
2024-01-25,-0.0025254285714285,-0.0022285535714285,0.0012172619047619,0.0178202619047619,0.0178202619047619,0.0046,0.0004,0.005699999999999999,0.0002
2024-01-26,,0.0026910727272727,0.0041101607142857,,0.0055673035714285,-0.0002,0.0040999999999999995,-0.0027,0.0002
2024-01-29,0.0093066666666666,,-0.0027856666666666,-0.0031606904761904,-0.0027856666666666,0.0085,0.010700000000000001,-0.0059,0.0002
2024-01-30,0.0104698095238095,-0.0043472976190476,,,,-0.0012,-0.0127,0.0085,0.0002
2024-01-31,-0.0100941666666666,-0.0109927916666666,-0.0124594999999999,-0.0142993333333333,-0.0131761666666666,-0.0174,-0.0092,-0.0029,0.0002
2024-02-01,-0.0309393,-0.0240103,-0.0499733999999999,-0.04203725,-0.0428144,0.012199999999999999,0.0064,-0.013500000000000002,0.0002
2024-02-02,-0.0110727857142857,-0.0094603516483516,,-0.0139059857142857,-0.0139059857142857,0.009899999999999999,-0.0143,-0.0051,0.0002
2024-02-05,-0.02537125,-0.033698803030303,-0.0539341904761904,-0.0385962222222222,-0.0543166904761904,-0.0040999999999999995,-0.0073,-0.0066,0.0002
2024-02-06,-0.0018539999999999,0.0149684285714285,0.0134829999999999,0.0127432857142857,0.0101622857142857,0.0027,0.0085,-0.004699999999999999,0.0002
2024-02-07,0.0012793333333333,0.0074821111111111,0.0033491666666666,0.0069463333333333,0.0089332666666666,0.0077,-0.009000000000000001,-0.0060999999999999995,0.0002
2024-02-08,0.0050163214285714,0.0064882637362637,0.0102894285714285,0.0132687142857142,0.0102894285714285,0.0021,0.0149,0.0001,0.0002
2024-02-09,0.0660284166666666,,,,,0.006500000000000001,0.01,-0.0042,0.0002
2024-02-12,0.0155577727272727,0.0080956999999999,-0.0047019999999999,-0.0003058499999999,0.0002799999999999,0.0004,0.0129,0.0111,0.0002
2024-02-13,-0.0072563,-0.0073956666666666,0.0078697499999999,0.0078697499999999,0.0017249999999999,-0.016,-0.024,-0.006500000000000001,0.0002
2024-02-14,0.0197294,0.0044311666666666,0.0387951999999999,-0.0129471999999999,-0.0178982,0.011399999999999999,0.015700000000000002,-0.0022,0.0002
2024-02-15,,-0.0127474416666666,-0.0004661249999999,-0.0004316249999999,-0.0004661249999999,0.0067,0.0084,0.0104,0.0002
2024-02-16,-0.0206234333333333,-0.02502325,-0.0203180333333333,-0.0075229999999999,-0.0164309999999999,-0.0053,-0.0066,-0.0017000000000000001,0.0002
2024-02-20,-0.0254556805555555,-0.0251768809523809,-0.0268332499999999,-0.022533,-0.02262125,-0.0073,-0.0086,0.0033,0.0002
2024-02-21,0.0136953333333333,0.0078456666666666,-0.0269651666666666,-0.0151458333333333,-0.0211635,-0.0002,-0.008199999999999999,0.0014000000000000002,0.0002
2024-02-22,0.0188646666666666,-0.00439375,0.0031674666666666,-0.0122573333333333,0.0056994999999999,0.0202,-0.012,-0.0129,0.0002
2024-02-23,0.016762,-0.0052619444444444,-0.0171452142857142,-0.0208840476190476,-0.0180470833333333,0.0002,0.0028000000000000004,0.0,0.0002
2024-02-26,-0.0104335714285714,-0.0095547777777777,-0.0030024285714285,-0.0075698333333333,-0.0048458571428571,-0.0026,0.0101,-0.0012,0.0002
2024-02-27,-0.0124775,-0.0053776507936507,0.0102926666666666,0.0070968333333333,0.0088558095238095,0.0026,0.012,-0.0044,0.0002
2024-02-28,-0.0523666923076923,-0.0506667142857142,-0.0685955714285714,-0.0685955714285714,-0.0549232321428571,-0.0026,-0.0086,-0.0001,0.0002
2024-02-29,-0.0060721428571428,-0.0009078,-0.0119924285714285,-0.0129993333333333,-0.0120267142857142,0.0053,-0.0036,0.0098,0.0002
2024-03-01,-0.0149968499999999,0.02877975,0.0437480833333333,0.02109255,0.02109255,0.0076,0.0009,-0.0055000000000000005,0.0002
2024-03-04,0.0005834821428571,0.0094628977272727,-0.0039815357142857,-0.009551,-0.0005264107142857,-0.0018,-0.0079,0.0034000000000000002,0.0002
2024-03-05,0.0212894285714285,0.0324758571428571,-0.0031425714285714,0.0001209999999999,0.0091968571428571,-0.010700000000000001,-0.0032,0.011699999999999999,0.0002
2024-03-06,0.0146338,0.0046088095238095,-0.0098584,-0.0075681499999999,-0.0076217999999999,0.0053,-0.0016,-0.0003,0.0002
2024-03-07,0.0014334,-0.0090299,-0.01020505,-0.0100597333333333,-0.0068849333333333,0.0102,-0.004699999999999999,0.0003,0.0002
2024-03-08,-0.0033283333333333,-0.0231729166666666,0.0043358333333333,-0.0031276666666666,0.0043358333333333,-0.0066,0.005,0.005699999999999999,0.0002
2024-03-11,0.0091072,0.0407956111111111,-0.0166944999999999,0.0081330666666666,0.0086339,-0.002,-0.0070999999999999995,0.004,0.0002
2024-03-12,-0.0123642,-0.01457345,0.005782,-0.0068156,-0.0022389999999999,0.0104,-0.0097,-0.0069,0.0002
2024-03-13,-0.009287375,,0.001005625,-0.002676625,-0.002676625,-0.0014000000000000002,0.003,-0.0002,0.0002
2024-03-14,-0.00796405,-0.0123616,-0.0011511,-0.00653825,-0.00202875,-0.0042,-0.0131,-0.0104,0.0002
2024-03-15,0.0028422499999999,-0.0031308571428571,-0.0149926,-0.020952,-0.0187598,-0.0058,0.0075,0.0079,0.0002
2024-03-18,0.0231633333333333,0.0226087916666666,0.0128703333333333,0.0350645,0.0207649047619047,0.0053,-0.0102,-0.0025,0.0002
2024-03-19,0.0058186493506493,0.0073881714285714,0.0049335714285714,0.0049335714285714,0.0049335714285714,0.0054,0.0053,-0.0027,0.0002
2024-03-20,0.0122030666666666,,0.0175063333333333,-0.0065861666666666,-0.0065861666666666,0.0102,0.0091,0.0101,0.0002
2024-03-21,0.0127208333333333,0.0110623333333333,-0.0011043333333333,0.0088447142857142,0.0041368809523809,0.0042,0.0004,0.0095,0.0002
2024-03-22,0.0177078,0.0238507666666666,,,,-0.0023,-0.0086,-0.0053,0.0002
2024-03-25,-0.0016377619047619,-0.0070024999999999,-0.0004315238095238,0.0001574285714285,-0.0018535,-0.0027,-0.0024,0.0086,0.0002
2024-03-26,-0.0113054666666666,,0.0053672999999999,0.0175453,0.0095817499999999,-0.0026,0.0009,-0.0013,0.0002
2024-03-27,-0.0030205333333333,0.0023981904761904,0.0060005,0.0102635333333333,0.0057175333333333,0.0088,0.0104,0.0091,0.0002
2024-03-28,0.015717,0.0088644,0.0007914,-0.0113771999999999,-0.0113771999999999,0.0011,0.0029,0.0048,0.0002
2024-04-01,-0.0006836904761904,-0.0024215833333333,0.0085607142857142,0.0085607142857142,0.008097,-0.0026,-0.009000000000000001,-0.0028000000000000004,0.0002
2024-04-02,0.0041791666666666,,,0.0109887142857142,0.0095585476190476,-0.0085,-0.011000000000000001,0.0003,0.0002
2024-04-03,-0.0128551904761904,-0.0083998333333333,0.0077635999999999,0.0095914,0.0094912666666666,0.0017000000000000001,0.0031,-0.0003,0.0002
2024-04-04,0.0041371428571428,0.0130139285714285,0.0028498571428571,0.0035175714285714,0.0048185714285714,-0.012199999999999999,0.0017000000000000001,0.0015,0.0002
2024-04-05,-0.0081085,-0.0054680666666666,0.00774375,0.01174125,0.0102748,0.0106,-0.0032,-0.0068000000000000005,0.0002
2024-04-08,0.0003050989010989,-0.0019505844155844,,,,0.0001,0.0052,0.0014000000000000002,0.0002
2024-04-09,-0.0030285079365079,0.009526525,0.0093156428571428,0.0053771428571428,0.0136007678571428,0.0013,0.0037,-0.0032,0.0002
2024-04-10,-0.0094207619047619,-0.0055142727272727,-0.0034819999999999,0.0015134761904761,-0.0082252857142857,-0.01,-0.0137,-0.0104,0.0002
2024-04-11,-0.006172,0.0019614999999999,0.0020744666666666,-0.0068279999999999,-0.0027631999999999,0.0073,0.0024,-0.0062,0.0002
2024-04-12,-0.012003,,0.0188636,0.0188636,0.0188636,-0.015300000000000001,-0.0033,0.0011,0.0002
2024-04-15,0.0080845,0.0016964166666666,-0.0012104166666666,0.00600225,0.005938,-0.0129,-0.004699999999999999,0.0076,0.0002
2024-04-16,0.0103627999999999,-0.0109556666666666,0.0033836,0.0103626666666666,-0.0098178666666666,-0.0023,-0.0003,-0.0083,0.0002
2024-04-17,-0.0054896666666666,-0.009130922077922,0.0012865476190476,0.0038025476190476,0.0004794047619047,-0.0064,-0.0049,0.005600000000000001,0.0002
2024-04-18,-0.0347794,-0.0139944,0.042521,0.0208448999999999,0.0225408,-0.0027,-0.0028000000000000004,0.0087,0.0002
2024-04-19,-0.01638355,-0.0197678333333333,0.0114868,0.0134141,0.0085257999999999,-0.008199999999999999,0.008199999999999999,0.019,0.0002
2024-04-22,-0.0153765999999999,-0.0074062222222222,-0.00393795,-0.0006108285714285,-0.0097938,0.0087,-0.0021,0.0054,0.0002
2024-04-23,-0.0014766666666666,,0.0064771666666666,0.0078498809523809,0.0055428809523809,0.0127,0.0059,0.0,0.0002
2024-04-24,0.0051830219780219,,0.0255502857142857,0.0255502857142857,0.0314017142857142,-0.0001,-0.0031,0.0027,0.0002
2024-04-25,0.0181328571428571,0.0284944603174603,0.015162,0.0185428571428571,0.0185428571428571,-0.004699999999999999,-0.0031,-0.002,0.0002
2024-04-26,-0.012975875,-0.0033477499999999,-0.0244202499999999,-0.0244202499999999,-0.0244202499999999,0.0103,0.0046,-0.010700000000000001,0.0002
2024-04-29,-0.0086018333333333,-0.0020710178571428,,,,0.0033,0.0038,-0.0048,0.0002
2024-04-30,0.029317,-0.0080795,-0.000788,-0.03201075,-0.004024,-0.0167,-0.0019,-0.0025,0.0002
2024-05-01,-0.0010071,0.003317,-0.0002444,0.00481875,0.0023142,-0.0027,0.0109,0.0003,0.0002
2024-05-02,-0.0118038333333333,-0.0077066111111111,-0.0132086666666666,-0.0116768333333333,-0.0105785,0.0101,0.0072,-0.0003,0.0002
2024-05-03,0.0030453333333333,-0.0114900666666666,-0.0255565,-0.0277008333333333,-0.0251136666666666,0.0118,0.0002,-0.0019,0.0002
2024-05-06,-0.0543346666666666,-0.0262,0.0359063333333333,0.0157554999999999,0.0036532999999999,0.0108,0.0002,-0.0006,0.0002
2024-05-07,-0.0052354805194805,0.0066186607142857,0.0177205238095238,0.0165457142857142,0.0165457142857142,0.0005,0.0007000000000000001,-0.006,0.0002
2024-05-08,-0.010383,-0.0157983333333333,-0.0017061666666666,-0.0017061666666666,0.0025351666666666,-0.0009,-0.0054,0.0058,0.0002
2024-05-09,0.0007884857142857,-0.0039452261904761,-0.0109274642857142,-0.0055792857142857,-0.0061695357142857,0.0052,0.0042,0.0037,0.0002
2024-05-10,-0.0197842,,,,,0.0009,-0.0092,0.0001,0.0002
2024-05-13,0.0011972857142857,-0.0014430329670329,0.0057268571428571,0.0057268571428571,0.0057268571428571,-0.0004,0.0024,-0.0026,0.0002
2024-05-14,,,-0.0099032999999999,-0.0093780909090909,-0.0099032999999999,0.005600000000000001,0.0052,0.0002,0.0002
2024-05-15,-0.0195134,,,,,0.0115,-0.0034999999999999996,-0.0022,0.0002
2024-05-17,0.00235605,0.0111789428571428,0.0040905,0.0019302999999999,0.0040905,0.0011,-0.0024,0.004,0.0002
2024-05-20,0.0141204,,0.007422125,0.00819675,0.0078875,0.0014000000000000002,0.0027,-0.0088,0.0002
2024-05-21,-1.3800000000000444e-05,,0.0094010666666666,0.0094944666666666,0.0094944666666666,0.0016,-0.0045000000000000005,0.0018,0.0002
2024-05-22,-0.0064813333333333,,-0.0043778333333333,,-0.0043778333333333,-0.0034999999999999996,-0.0028000000000000004,-0.0037,0.0002
2024-05-23,0.0103571666666666,0.0051922888888888,0.0021788,0.0033501999999999,0.0043965999999999,-0.0084,-0.0059,-0.0064,0.0002
2024-05-24,0.0187232,0.0212506,-0.016044,-0.0091835,-0.020436,0.0070999999999999995,0.0004,0.0015,0.0002
2024-05-28,-0.0050024242424242,,,,,-0.0004,0.0029,-0.0088,0.0002
2024-05-30,-0.0417248,-0.0296611714285714,-0.0003281,0.0030048999999999,0.0017537999999999,-0.0053,0.0103,0.01,0.0002
2024-05-31,-0.0123246666666666,0.0119766363636363,0.0065556666666666,0.0136749,0.0068004999999999,0.0068000000000000005,-0.0036,0.0078000000000000005,0.0002
2024-06-03,-0.0061714285714285,-0.0052432857142857,-0.0006794642857142,0.0018775714285714,0.0028281428571428,0.0005,-0.002,-0.005699999999999999,0.0002
2024-06-04,0.0068562,0.0035654857142857,0.0027195,-0.0130454,-0.0103454,-0.0006,-0.009899999999999999,-0.0076,0.0002
2024-06-05,-0.008988988095238,,-0.0111781904761904,-0.0086486571428571,-0.0111781904761904,0.0123,0.0048,-0.0060999999999999995,0.0002
2024-06-06,-0.0052603,-0.0072053333333333,-0.0018253999999999,-0.0018253999999999,-0.0023933999999999,-0.0006,-0.0045000000000000005,-0.0007000000000000001,0.0002
2024-06-07,-0.00151475,0.0238565,0.0146469666666666,0.0039001333333333,0.017468,-0.0023,-0.009899999999999999,0.0007000000000000001,0.0002
2024-06-10,-0.0017992,0.0025099999999999,0.0004028,0.0004028,-0.0028415999999999,0.0027,-0.0012,-0.0028000000000000004,0.0002
2024-06-11,-0.0212507619047619,-0.0142172619047619,0.0054084285714285,0.0125675714285714,0.0054084285714285,0.002,0.0013,-0.0106,0.0002
2024-06-12,-0.0202720555555555,-0.00628225,,,,0.009399999999999999,0.0084,0.0009,0.0002
2024-06-13,0.0042990333333333,0.0132784999999999,0.0101449333333333,0.011125,0.0122269333333333,0.0005,-0.0085,-0.0063,0.0002
2024-06-14,0.015464,0.0132549333333333,-0.0093038,-0.0229724,-0.0229724,-0.0016,-0.0129,-0.0064,0.0002
2024-06-17,0.0272922714285714,0.0332738333333333,0.0165458333333333,0.0163094047619047,0.0163094047619047,0.0078000000000000005,-0.0040999999999999995,0.0052,0.0002
2024-06-18,-0.0126643999999999,-0.0149055333333333,0.0019804285714285,0.0253587333333333,0.0007086,0.002,-0.0054,0.0037,0.0002
2024-06-20,0.006332,-0.020612,0.01428925,0.0060139999999999,-0.0023678,-0.003,-0.0037,0.0025,0.0002
2024-06-21,0.00844525,0.01592525,0.00946875,-0.0004986666666666,0.01564,-0.0013,0.0058,-0.0051,0.0002
2024-06-24,-0.032743,-0.0325315,-0.00793025,-0.0201674999999999,-0.0263655,-0.0026,0.0025,0.0109,0.0002
2024-06-25,0.02266915,0.01414075,0.00630525,0.00455935,0.0082972499999999,0.0031,-0.005600000000000001,-0.0121,0.0002
2024-06-26,0.0031466666666666,0.0031466666666666,0.00217375,0.0109865333333333,0.0118389166666666,0.0016,0.001,-0.0021,0.0002
2024-06-27,-0.0185756666666666,0.0011542499999999,0.012369,0.01171375,0.01856125,0.0014000000000000002,0.0072,-0.0039000000000000003,0.0002
2024-06-28,0.0071368666666666,0.0075263333333333,-0.0052543333333333,-0.0053599999999999,0.005823,-0.0034999999999999996,0.0072,0.0127,0.0002
2024-07-01,0.0188171666666666,0.0055601,0.0051959166666666,0.0075078333333333,0.0002860999999999,0.0023,-0.01,-0.0048,0.0002
2024-07-02,-0.0238845,-0.0168575,0.0159926666666666,0.0062704166666666,-0.01335275,0.005699999999999999,-0.0054,0.0040999999999999995,0.0002
2024-07-03,0.0069387,0.0280098333333333,0.0055787499999999,0.0028315,0.0112168499999999,0.0048,-0.0003,-0.0069,0.0002
2024-07-05,0.0190493333333333,0.01783225,0.0158646666666666,-0.020045,0.0165,0.0048,-0.004699999999999999,-0.014199999999999999,0.0002
2024-07-08,0.012299,0.012299,-0.0231125,-0.0232845,-0.0232845,0.001,0.0062,-0.0019,0.0002
2024-07-09,0.00528175,0.00655775,-0.0028685,0.0001912499999999,0.004773,0.0,-0.006,0.005,0.0002
2024-07-10,-0.0194331999999999,-0.0129697499999999,0.0097864999999999,0.0164484,-0.0024132499999999,0.0097,-0.0007000000000000001,0.0040999999999999995,0.0002
2024-07-11,4.428571428570158e-06,-0.0051622321428571,-0.0112578214285714,-0.0077555357142857,-0.0103871428571428,-0.006,0.0361,0.0177,0.0002
2024-07-12,-0.00259825,,,,,0.0058,0.0072,-0.004699999999999999,0.0002
2024-07-15,-0.0018946309523809,-0.0056216507936507,,,,0.0038,0.0098,0.005699999999999999,0.0002
2024-07-16,-0.0197156333333333,-0.0228421333333333,-0.0186208095238095,-0.0214089761904761,-0.0214089761904761,0.008199999999999999,0.0235,0.0134,0.0002
2024-07-17,-0.0214336666666666,-0.0101341666666666,-0.0112809999999999,-0.0094375,-0.0094375,-0.0149,-0.0031,0.0246,0.0002
2024-07-18,0.0129968333333333,0.017967125,0.0029394999999999,0.0030643333333333,0.021899,-0.0095,-0.0109,0.0003,0.0002
2024-07-19,0.0476302,0.0426506,-0.02497,-0.02997,-0.0231234,-0.0068000000000000005,0.0017000000000000001,-0.0013,0.0002
2024-07-22,-0.00330435,-0.0025301,0.0025579,0.0031368333333333,-0.0015363999999999,0.0108,0.0088,-0.0055000000000000005,0.0002
2024-07-23,-0.0015377023809523,,0.0049986666666666,0.0049986666666666,0.0049986666666666,-0.0007000000000000001,0.0129,0.0001,0.0002
2024-07-24,0.0468948333333333,0.0312241,0.010477238095238,0.010477238095238,0.010477238095238,-0.024,-0.0066,0.0173,0.0002
2024-07-25,-0.0129116,-0.0014208857142857,-0.0035268,-0.0147764,-0.0035925999999999,-0.003,0.0146,0.0067,0.0002
2024-07-26,-0.0055210833333333,-0.0070998,0.0050165555555555,0.0004288,0.0019384,0.011000000000000001,0.0053,-0.0017000000000000001,0.0002
2024-07-29,0.0326626333333333,0.0428033333333333,-0.0122159999999999,-0.0142419047619047,-0.0122159999999999,-0.0002,-0.01,-0.0048,0.0002
2024-07-30,0.0017239583333333,0.058049,0.0098949999999999,0.0225516666666666,0.0265594999999999,-0.0049,0.0009,0.0137,0.0002
2024-07-31,-0.0236015357142857,-0.0156600833333333,-0.0028393333333333,0.0035636666666666,0.0001281666666666,0.0152,-0.0034000000000000002,-0.0134,0.0002
2024-08-01,-0.0120482857142857,-0.0106404821428571,-0.00361115,-0.008651125,-0.008651125,-0.0161,-0.0131,-0.006500000000000001,0.0002
2024-08-02,0.0088107499999999,0.0168199999999999,-0.0022645,-0.0070435,0.0062689999999999,-0.021099999999999997,-0.0101,-0.0076,0.0002
2024-08-05,0.0027555999999999,0.0312295,0.0050404,0.00348315,0.004206,-0.0302,-0.0046,0.0001,0.0002
2024-08-06,0.0030564,-0.0127882,-0.0007151999999999,-0.0232101666666666,-0.0099515999999999,0.01,0.0002,-0.005699999999999999,0.0002
2024-08-07,0.0105170666666666,0.0211190428571428,0.015079,,0.015079,-0.0083,-0.0077,0.0072,0.0002
2024-08-08,0.010368119047619,0.0097788333333333,-0.0019373333333333,-0.0057493809523809,-0.0047938095238095,0.023799999999999998,0.0043,-0.008100000000000001,0.0002
2024-08-09,,,-0.0101638681318681,-0.0119909047619047,-0.0101638681318681,0.0043,-0.0076,-0.0034000000000000002,0.0002
2024-08-12,,0.0075640519480519,,,,-0.0008,-0.0066,-0.0059,0.0002
2024-08-13,-0.0097366333333333,-0.0027089333333333,-0.0059086999999999,-0.0135824,-0.0059086999999999,0.0169,0.005699999999999999,-0.0074,0.0002
2024-08-14,0.0039502249999999,0.0128975,0.0027856022727272,0.0081973522727272,0.0092358522727272,0.003,-0.011399999999999999,0.0024,0.0002
2024-08-15,-0.0068618857142857,,,,,0.0177,0.0128,-0.0075,0.0002
2024-08-16,,,0.0072289333333333,0.0072289333333333,0.0072289333333333,0.0022,-0.0003,0.0077,0.0002
2024-08-19,-0.0075336666666666,,0.0101051428571428,0.0060263095238095,0.0060263095238095,0.0098,0.0046,-0.0026,0.0002
2024-08-20,-0.0013639047619047,,0.0050024821428571,0.005367,0.005367,-0.0031,-0.0067,-0.006500000000000001,0.0002
2024-08-21,0.0137852499999999,,-0.0203863809523809,-0.0203863809523809,-0.0203863809523809,0.0051,0.0102,-0.0064,0.0002
2024-08-22,,,-0.0009513428571428,-0.0021563095238095,0.0092730238095238,-0.0096,-0.0068000000000000005,0.0137,0.0002
2024-08-23,0.0115827333333333,,0.0064180833333333,0.0109464166666666,0.0074818095238095,0.0129,0.0191,0.0084,0.0002
2024-08-26,0.0059202857142857,0.0191414166666666,0.0006921111111111,0.0003466825396825,0.0006855396825396,-0.0034000000000000002,0.001,0.0019,0.0002
2024-08-27,0.0082968499999999,,,,,0.0005,-0.0084,0.0002,0.0002
2024-08-28,0.0095426153846153,,0.0007857777777777,0.0085293492063492,0.0075519206349206,-0.0066,-0.005600000000000001,0.0115,0.0002
2024-08-29,-0.0021954999999999,9.800000000000086e-05,-0.0242874999999999,-0.0307959999999999,-0.0221692499999999,0.0007000000000000001,0.0038,0.003,0.0002
2024-08-30,,,-0.0123358888888888,-0.0123358888888888,-0.0123358888888888,0.0098,-0.005600000000000001,0.0005,0.0002
2024-09-03,0.0186653333333333,,,,,-0.0226,-0.0125,0.0138,0.0002
2024-09-04,0.0072935,0.0068428333333333,0.0130999666666666,0.0117214666666666,0.0148991333333333,-0.0022,0.0015,-0.0058,0.0002
2024-09-05,0.0144322619047619,0.0081134285714285,0.0027210238095238,-0.0032195476190476,0.0025724523809523,-0.0031,0.0026,-0.0069,0.0002
2024-09-06,-0.0261191428571428,-0.0088711318681318,-0.0201908571428571,9.882142857143077e-05,-0.0157375714285714,-0.0182,-0.0021,0.0018,0.0002
2024-09-09,-0.0055334,0.0058176,0.0169092,0.0171677999999999,0.0169092,0.0109,-0.0083,-0.0073,0.0002
2024-09-10,0.0025501818181818,0.0086089206349206,-0.0083587142857142,-0.005749,-0.005749,0.004,0.0015,-0.0083,0.0002
2024-09-11,0.00254,0.00254,,,,0.0104,-0.0003,-0.016399999999999998,0.0002
2024-09-12,-0.0073180999999999,0.0008258333333333,0.0064271666666666,0.0064271666666666,0.0064271666666666,0.008,0.0062,-0.0052,0.0002
2024-09-13,-0.0004956233766233,,0.0024070857142857,0.0024070857142857,0.0024070857142857,0.006999999999999999,0.019,0.0002,0.0002
2024-09-16,0.0181070833333333,0.012124,0.0106928333333333,0.0049311666666666,0.0049311666666666,0.0016,-0.0034000000000000002,0.0091,0.0002
2024-09-17,0.0100145714285714,-4.95000000000005e-05,-0.0012968571428571,0.0064300857142857,-0.0030189999999999,0.0008,0.0053,0.0055000000000000005,0.0002
2024-09-18,0.002101,-0.0021258333333333,0.0033432777777777,0.0067362,-0.0021063999999999,-0.0025,0.0013,0.0027,0.0002
2024-09-19,0.0039919999999999,0.0078681999999999,-0.0030963999999999,0.0094077999999999,0.0094077999999999,0.0177,0.0048,-0.002,0.0002
2024-09-20,-0.0036426666666666,-0.0043651666666666,-0.0008443333333333,-0.0049475,-0.0006383333333333,-0.0026,-0.0073,-0.0063,0.0002
2024-09-23,-0.0002621428571428,-0.0009343055555555,-0.0030611428571428,-0.010513238095238,-0.0025807142857142,0.0021,-0.008100000000000001,-0.0011,0.0002
2024-09-24,0.0135414464285714,0.0046453499999999,-0.0017825,0.0005741249999999,-0.0004412857142857,0.0024,0.001,-0.0058,0.0002
2024-09-25,-0.0196394857142857,0.0068896666666666,-0.0053381428571428,-0.0053381428571428,-0.0053381428571428,-0.0029,-0.006500000000000001,-0.006999999999999999,0.0002
2024-09-26,-0.0034581428571428,-0.0090210476190476,0.0146032857142857,0.014349,0.017085,0.0043,0.0018,0.0043,0.0002
2024-09-27,0.0057614166666666,-0.0097994333333333,-0.0053758809523809,-0.0062704523809523,-0.0052523095238095,-0.0009,0.0043,0.005600000000000001,0.0002
2024-09-30,0.0023094333333333,0.0062549333333333,0.011264,0.0055593333333333,0.0112668333333333,0.0036,-0.0012,0.0015,0.0002
2024-10-01,-0.003151738095238,-0.004913738095238,-0.0068851666666666,-0.0006584285714285,-0.0055270714285714,-0.0097,-0.009000000000000001,-0.0003,0.0002
2024-10-02,-0.011394,-4.754166666666622e-05,-0.0114173333333333,-0.0229066666666666,-0.0201025,0.0,-0.002,-0.0018,0.0002
2024-10-03,0.0028522285714285,,-0.0156158253968254,-0.0142422539682539,-0.0142422539682539,-0.0023,-0.0060999999999999995,0.0019,0.0002
2024-10-04,0.0033363333333333,-0.0019324935064935,,-0.0063751428571428,-0.0063751428571428,0.0103,0.0039000000000000003,0.0028000000000000004,0.0002
2024-10-07,0.0253304,-0.0078535,,-0.0227346333333333,-0.0211911666666666,-0.0097,-0.0016,0.0029,0.0002
2024-10-08,-0.010799875,-0.0069200416666666,-0.0074357321428571,-0.0197369305555555,-0.0090914999999999,0.0087,-0.0029,-0.011399999999999999,0.0002
2024-10-09,-0.011664,-0.0008864285714285,-0.0036574857142857,0.0012115714285714,0.0019275714285714,0.0069,-0.0046,0.0019,0.0002
2024-10-10,0.0008926666666666,0.0059819166666666,0.0013051666666666,0.0013051666666666,0.004327,-0.002,-0.0033,0.0009,0.0002
2024-10-11,-0.0173279,-0.0166791999999999,,,,0.0075,0.010700000000000001,0.0076,0.0002
2024-10-14,,,0.0045876111111111,0.0060313,0.0082644444444444,0.006999999999999999,-0.0003,-0.0032,0.0002
2024-10-15,0.0019541607142857,-0.0001517159090909,-0.0145419642857142,-0.0119172142857142,-0.0145419642857142,-0.0072,0.0076,0.0051,0.0002
2024-10-16,-0.0139505,0.0042775714285714,0.01128,0.0097305,0.0038456666666666,0.0052,0.0091,0.0054,0.0002
2024-10-17,-0.0140288571428571,-0.0150400833333333,-0.0017501746031746,-0.0099840476190476,-0.0079714642857142,-0.0005,-0.0009,0.0016,0.0002
2024-10-18,,0.0080770357142857,0.0063282083333333,0.0042937321428571,0.0110415892857142,0.0036,-0.0019,-0.0075,0.0002
2024-10-21,0.0057256666666666,0.0035705666666666,0.0134720476190476,0.0125709166666666,0.0121368333333333,-0.0029,-0.0103,-0.012,0.0002
2024-10-22,-0.0047706666666666,-0.0023421666666666,-0.0047358333333333,-0.0021799999999999,-0.0005834999999999,-0.0011,-0.0032,0.005699999999999999,0.0002
2024-10-23,-0.0047565238095238,-0.000228,0.0107134047619047,0.0145026666666666,0.0104159047619047,-0.0097,-0.0038,0.0109,0.0002
2024-10-24,0.0011654999999999,-0.0120168499999999,-0.0274704,-0.0233258333333333,-0.024136,0.0029,0.0015,-0.0029,0.0002
2024-10-25,-0.0081663809523809,,,-0.0032164285714285,-0.0014722857142857,-0.0008,-0.0002,-0.008199999999999999,0.0002
2024-10-28,-0.0109959285714285,-0.0051847619047619,-0.0082211428571428,-0.0038625714285714,-0.0038625714285714,0.0038,0.0113,0.0063,0.0002
2024-10-29,0.0415844999999999,0.0001616,0.0060378,0.029262,0.0060378,0.0015,0.0014000000000000002,-0.0108,0.0002
2024-10-30,0.0071276499999999,,-0.0045149999999999,,-0.0045149999999999,-0.0032,-0.0008,0.0075,0.0002
2024-10-31,-0.00591975,0.0023262,-0.0247088,-0.0292827,-0.0063176,-0.018000000000000002,-0.0039000000000000003,0.0064,0.0002
2024-11-01,-0.0018394999999999,-0.0336915,-0.01578125,-0.01578125,-0.01578125,0.004699999999999999,0.0060999999999999995,-0.010700000000000001,0.0002
2024-11-04,-0.0536324333333333,-0.0221959333333333,0.0420779166666666,0.036661,0.0142763333333333,-0.0027,0.008199999999999999,-0.0055000000000000005,0.0002
2024-11-05,-0.0388815999999999,0.0190269333333333,-0.0256963999999999,0.0323154,-0.0160434,0.013000000000000001,0.008199999999999999,-0.0014000000000000002,0.0002
2024-11-07,-0.0190917,,-0.0033031666666666,-0.002574,-0.002574,0.0066,-0.0019,-0.0276,0.0002
2024-11-08,,,-0.0118582857142857,-0.0118582857142857,-0.0118582857142857,0.0043,0.004,-0.0051,0.0002
2024-11-11,0.0120770999999999,0.0135615277777777,0.0103893666666666,0.0103893666666666,0.0103893666666666,0.0032,0.0091,0.0084,0.0002
2024-11-12,0.0217291499999999,0.011655,-0.0020258999999999,1.9400000000001014e-05,1.9400000000001014e-05,-0.0038,-0.0123,0.0014000000000000002,0.0002
2024-11-13,-0.0213569999999999,0.0040817499999999,-0.0236839999999999,-0.0014507142857142,-0.0086913928571428,-0.0012,-0.0105,0.0018,0.0002
2024-11-14,0.0155483333333333,-0.0202199523809523,-0.0292599999999999,-0.018747,-0.0292599999999999,-0.0070999999999999995,-0.0083,0.0070999999999999995,0.0002
2024-11-15,-0.013229119047619,-0.0242801666666666,0.0110882857142857,-0.0085418571428571,-0.0103882207792207,-0.0138,-0.0087,0.0165,0.0002
2024-11-18,0.0208115999999999,0.0185121714285714,-0.0518355,-0.0556438999999999,-0.0462235,0.0040999999999999995,-0.0038,-0.0003,0.0002
2024-11-19,-0.0207824285714285,-0.0275731142857142,0.0017447142857142,0.0031509999999999,-0.0001695714285714,0.0049,0.0078000000000000005,-0.016399999999999998,0.0002
2024-11-20,-0.0657616428571428,-0.0185413571428571,-0.0203508571428571,0.0230138571428571,-0.0206668571428571,0.0004,0.0,-0.0011,0.0002
2024-11-21,-0.0303912333333333,-0.0142911333333333,0.0021777999999999,-0.0040274999999999,0.0021777999999999,0.006500000000000001,0.008,0.0029,0.0002
2024-11-22,0.0129551249999999,,-0.0211437142857142,-0.0133114285714285,-0.0211437142857142,0.0053,0.0126,0.0042,0.0002
2024-11-25,-0.0246117916666666,0.0025979595959595,0.004228125,-0.0002139861111111,-0.0014322083333333,0.0040999999999999995,0.0109,0.0023,0.0002
2024-11-26,-0.009325,-0.00751225,-0.0139847083333333,-0.0134287083333333,-0.0134287083333333,0.0042,-0.009399999999999999,-0.0067,0.0002
2024-11-27,0.0125355833333333,-0.0150511212121212,-0.008802625,,-0.0128222916666666,-0.004,0.0026,0.004699999999999999,0.0002
2024-11-29,-0.02498675,-0.0135418333333333,-0.05070725,-0.05070725,-0.058337,0.0054,0.0013,-0.0064,0.0002
2024-12-02,0.0032845714285714,-0.0215358333333333,-0.0223953333333333,-0.0202863571428571,-0.0206061904761904,0.0023,0.004699999999999999,-0.006500000000000001,0.0002
2024-12-03,0.0117594666666666,0.0174987857142857,0.0018044,-0.0015766,0.0122190666666666,0.0004,-0.005699999999999999,-0.005600000000000001,0.0002
2024-12-04,-0.0051026969696969,0.0001369999999999,0.0061754999999999,0.0089058333333333,0.0061754999999999,0.006999999999999999,0.004,-0.0126,0.0002
2024-12-05,0.0067789333333333,0.0114255606060606,0.008064625,0.0176978333333333,0.0176978333333333,-0.0028000000000000004,-0.011200000000000002,0.0048,0.0002
2024-12-06,,-0.0145337333333333,-0.009927,-0.0132044,-0.009927,0.0034999999999999996,0.0062,-0.0106,0.0002
2024-12-09,-0.0029927916666666,-0.0062568749999999,-0.019623625,-0.019623625,-0.01368575,-0.0073,0.0040999999999999995,0.0013,0.0002
2024-12-10,0.0327358857142857,0.009444,-0.0241339166666666,-0.040849,-0.0042261666666666,-0.0036,-0.0003,0.0014000000000000002,0.0002
2024-12-11,0.0158798333333333,0.0085774285714285,-0.0188619285714285,-0.0033971666666666,-0.0187690714285714,0.0087,0.0017000000000000001,-0.0058,0.0002
2024-12-12,0.0322007142857142,-0.0225922857142857,0.0144063214285714,0.0104781964285714,0.0104781964285714,-0.0062,-0.0086,0.0040999999999999995,0.0002
2024-12-13,0.0148045428571428,0.0234179761904761,0.0048911428571428,0.0001795714285714,0.0048911428571428,-0.0005,-0.0048,-0.003,0.0002
2024-12-16,-0.0071633,-0.011264,-0.0111607999999999,-0.0040494,-0.01829535,0.0046,0.0075,-0.0106,0.0002
2024-12-17,-0.0161724499999999,-0.0234349999999999,,,,-0.0049,-0.0042,-0.005699999999999999,0.0002
2024-12-18,0.0398803999999999,0.026408675,-0.0024101999999999,0.0004306,0.0004306,-0.0317,-0.0143,0.001,0.0002
2024-12-19,0.0267627499999999,0.0141359333333333,-0.0122253,0.0228283333333333,0.016315,-0.0012,-0.0028000000000000004,-0.0001,0.0002
2024-12-20,-0.0024062,-0.0024062,0.0010202,-0.0177428,-0.0022199999999999,0.010700000000000001,-0.0014000000000000002,0.0007000000000000001,0.0002
2024-12-23,,-0.0032428351648351,,,,0.0060999999999999995,-0.0070999999999999995,-0.0019,0.0002
2024-12-24,-0.0031540833333333,,-0.0019179999999999,-0.0019179999999999,-0.0019179999999999,0.0111,-0.0009,-0.0006,0.0002
2024-12-27,,,0.0004625999999999,0.0004625999999999,0.0004625999999999,-0.011699999999999999,-0.006500000000000001,0.005699999999999999,0.0002
2024-12-30,0.0010074999999999,-0.0104575,0.0074525,0.0074525,0.0074525,-0.0109,0.0013,0.0074,0.0002
